,ds,trend,yhat_lower,yhat_upper,trend_lower,trend_upper,additive_terms,additive_terms_lower,additive_terms_upper,weekly,weekly_lower,weekly_upper,multiplicative_terms,multiplicative_terms_lower,multiplicative_terms_upper,yhat
0,2020-01-22,-204.69499497126282,-7815.330233731516,8173.71535463943,-204.69499497126282,-204.69499497126282,241.33066806605072,241.33066806605072,241.33066806605072,241.33066806605072,241.33066806605072,241.33066806605072,0.0,0.0,0.0,36.635673094787904
1,2020-01-23,-197.8693014471437,-8151.7547534426585,8169.824434338926,-197.8693014471437,-197.8693014471437,454.4153408286468,454.4153408286468,454.4153408286468,454.4153408286468,454.4153408286468,454.4153408286468,0.0,0.0,0.0,256.5460393815031
2,2020-01-24,-191.04360792302455,-8728.935964894104,6950.110455893098,-191.04360792302455,-191.04360792302455,-474.23323044412876,-474.23323044412876,-474.23323044412876,-474.23323044412876,-474.23323044412876,-474.23323044412876,0.0,0.0,0.0,-665.2768383671533
3,2020-01-25,-184.21791439890544,-8354.582495205677,6575.768462442111,-184.21791439890544,-184.21791439890544,-307.94753253578955,-307.94753253578955,-307.94753253578955,-307.94753253578955,-307.94753253578955,-307.94753253578955,0.0,0.0,0.0,-492.16544693469496
4,2020-01-26,-177.3922208747863,-8591.745181921407,7540.9943878487065,-177.3922208747863,-177.3922208747863,-52.664102174462926,-52.664102174462926,-52.664102174462926,-52.664102174462926,-52.664102174462926,-52.664102174462926,0.0,0.0,0.0,-230.05632304924922
5,2020-01-27,-170.56652735066717,-8697.837284595995,8095.337769262897,-170.56652735066717,-170.56652735066717,-18.151795448134457,-18.151795448134457,-18.151795448134457,-18.151795448134457,-18.151795448134457,-18.151795448134457,0.0,0.0,0.0,-188.71832279880164
6,2020-01-28,-163.74080385163677,-7220.897967009456,7775.273133098185,-163.74080385163677,-163.74080385163677,157.25065170534967,157.25065170534967,157.25065170534967,157.25065170534967,157.25065170534967,157.25065170534967,0.0,0.0,0.0,-6.490152146287102
7,2020-01-29,-156.91508035260634,-7795.6118463323055,8256.030289928927,-156.91508035260634,-156.91508035260634,241.33066806564514,241.33066806564514,241.33066806564514,241.33066806564514,241.33066806564514,241.33066806564514,0.0,0.0,0.0,84.4155877130388
8,2020-01-30,-150.08935685357596,-7715.716548872904,7510.39715407839,-150.08935685357596,-150.08935685357596,454.4153408283073,454.4153408283073,454.4153408283073,454.4153408283073,454.4153408283073,454.4153408283073,0.0,0.0,0.0,304.32598397473134
9,2020-01-31,-143.26363335454556,-9021.677711299606,7496.885769664685,-143.26363335454556,-143.26363335454556,-474.233230441805,-474.233230441805,-474.233230441805,-474.233230441805,-474.233230441805,-474.233230441805,0.0,0.0,0.0,-617.4968637963506
10,2020-02-01,-136.4378269301647,-8253.110779306564,7471.304494729893,-136.4378269301647,-136.4378269301647,-307.9475325348087,-307.9475325348087,-307.9475325348087,-307.9475325348087,-307.9475325348087,-307.9475325348087,0.0,0.0,0.0,-444.3853594649734
11,2020-02-02,-129.6120205057839,-8081.73563578801,7407.579766862377,-129.6120205057839,-129.6120205057839,-52.664102173982876,-52.664102173982876,-52.664102173982876,-52.664102173982876,-52.664102173982876,-52.664102173982876,0.0,0.0,0.0,-182.2761226797668
12,2020-02-03,-122.78621408140306,-8298.745908837991,7826.240553975611,-122.78621408140306,-122.78621408140306,-18.15179544804813,-18.15179544804813,-18.15179544804813,-18.15179544804813,-18.15179544804813,-18.15179544804813,0.0,0.0,0.0,-140.9380095294512
13,2020-02-04,-115.96040765702222,-7963.6069761404215,8149.104629825637,-115.96040765702222,-115.96040765702222,157.2506517057402,157.2506517057402,157.2506517057402,157.2506517057402,157.2506517057402,157.2506517057402,0.0,0.0,0.0,41.290244048717994
14,2020-02-05,-109.1346012326414,-7232.464154646834,7737.134996329523,-109.1346012326414,-109.1346012326414,241.33066806622347,241.33066806622347,241.33066806622347,241.33066806622347,241.33066806622347,241.33066806622347,0.0,0.0,0.0,132.19606683358205
15,2020-02-06,-102.30878354439442,-7278.866383785574,8076.215891615819,-102.30878354439442,-102.30878354439442,454.41534082992933,454.41534082992933,454.41534082992933,454.41534082992933,454.41534082992933,454.41534082992933,0.0,0.0,0.0,352.1065572855349
16,2020-02-07,-95.48296585614744,-9010.103739099783,7651.779477740261,-95.48296585614744,-95.48296585614744,-474.23323044260326,-474.23323044260326,-474.23323044260326,-474.23323044260326,-474.23323044260326,-474.23323044260326,0.0,0.0,0.0,-569.7161962987507
17,2020-02-08,-88.65714816790044,-8263.717727551197,7920.084201964883,-88.65714816790044,-88.65714816790044,-307.94753253578347,-307.94753253578347,-307.94753253578347,-307.94753253578347,-307.94753253578347,-307.94753253578347,0.0,0.0,0.0,-396.6046807036839
18,2020-02-09,-81.83133047965347,-8303.856885590014,7817.089542173952,-81.83133047965347,-81.83133047965347,-52.66410217350284,-52.66410217350284,-52.66410217350284,-52.66410217350284,-52.66410217350284,-52.66410217350284,0.0,0.0,0.0,-134.4954326531563
19,2020-02-10,-75.00551279140649,-8122.345260009136,8030.948194969366,-75.00551279140649,-75.00551279140649,-18.151795447216415,-18.151795447216415,-18.151795447216415,-18.151795447216415,-18.151795447216415,-18.151795447216415,0.0,0.0,0.0,-93.1573082386229
20,2020-02-11,-68.1796470209562,-7555.471485648701,7870.2842598819225,-68.1796470209562,-68.1796470209562,157.25065170514227,157.25065170514227,157.25065170514227,157.25065170514227,157.25065170514227,157.25065170514227,0.0,0.0,0.0,89.07100468418608
21,2020-02-12,-61.35378125050592,-7547.286784835558,8302.679980550502,-61.35378125050592,-61.35378125050592,241.33066806680196,241.33066806680196,241.33066806680196,241.33066806680196,241.33066806680196,241.33066806680196,0.0,0.0,0.0,179.97688681629603
22,2020-02-13,-54.527915480055604,-7689.333798998933,8401.167727942373,-54.527915480055604,-54.527915480055604,454.41534082958987,454.41534082958987,454.41534082958987,454.41534082958987,454.41534082958987,454.41534082958987,0.0,0.0,0.0,399.8874253495343
23,2020-02-14,-47.702049709605326,-8091.28887700995,7481.044573831119,-47.702049709605326,-47.702049709605326,-474.2332304428361,-474.2332304428361,-474.2332304428361,-474.2332304428361,-474.2332304428361,-474.2332304428361,0.0,0.0,0.0,-521.9352801524415
24,2020-02-15,-40.876183939155055,-8484.139772807011,7855.5592559507695,-40.876183939155055,-40.876183939155055,-307.94753253480235,-307.94753253480235,-307.94753253480235,-307.94753253480235,-307.94753253480235,-307.94753253480235,0.0,0.0,0.0,-348.8237164739574
25,2020-02-16,-34.05027267524873,-7899.2907652614085,7905.486618844319,-34.05027267524873,-34.05027267524873,-52.664102174219565,-52.664102174219565,-52.664102174219565,-52.664102174219565,-52.664102174219565,-52.664102174219565,0.0,0.0,0.0,-86.7143748494683
26,2020-02-17,-27.22436141134236,-7721.155841526014,7950.479839549373,-27.22436141134236,-27.22436141134236,-18.15179544874212,-18.15179544874212,-18.15179544874212,-18.15179544874212,-18.15179544874212,-18.15179544874212,0.0,0.0,0.0,-45.37615686008448
27,2020-02-18,-20.398450147436016,-7812.460670711896,7968.9728736472425,-20.398450147436016,-20.398450147436016,157.2506517046057,157.2506517046057,157.2506517046057,157.2506517046057,157.2506517046057,157.2506517046057,0.0,0.0,0.0,136.85220155716968
28,2020-02-19,-13.57253888352965,-7161.712116059817,7838.68828189659,-13.57253888352965,-13.57253888352965,241.3306680663964,241.3306680663964,241.3306680663964,241.3306680663964,241.3306680663964,241.3306680663964,0.0,0.0,0.0,227.75812918286675
29,2020-02-20,-6.746513277370652,-7026.4671585808865,8249.35048314356,-6.746513277370652,-6.746513277370652,454.41534082920964,454.41534082920964,454.41534082920964,454.41534082920964,454.41534082920964,454.41534082920964,0.0,0.0,0.0,447.668827551839
30,2020-02-21,0.0795123287883874,-8161.819134427576,6924.172294189419,0.0795123287883874,0.0795123287883874,-474.233230443069,-474.233230443069,-474.233230443069,-474.233230443069,-474.233230443069,-474.233230443069,0.0,0.0,0.0,-474.1537181142806
31,2020-02-22,6.905537934947385,-8407.31691463833,7458.507522000095,6.905537934947385,6.905537934947385,-307.9475325360424,-307.9475325360424,-307.9475325360424,-307.9475325360424,-307.9475325360424,-307.9475325360424,0.0,0.0,0.0,-301.041994601095
32,2020-02-23,13.731563541106425,-7692.7570231233085,7819.776427478938,13.731563541106425,13.731563541106425,-52.664102172542705,-52.664102172542705,-52.664102172542705,-52.664102172542705,-52.664102172542705,-52.664102172542705,0.0,0.0,0.0,-38.93253863143628
33,2020-02-24,20.55758914726542,-8183.894547327802,7764.684791027325,20.55758914726542,20.55758914726542,-18.15179544791042,-18.15179544791042,-18.15179544791042,-18.15179544791042,-18.15179544791042,-18.15179544791042,0.0,0.0,0.0,2.4057936993550015
34,2020-02-25,27.383742198543953,-8088.712025468143,8213.191011153116,27.383742198543953,27.383742198543953,157.25065170592333,157.25065170592333,157.25065170592333,157.25065170592333,157.25065170592333,157.25065170592333,0.0,0.0,0.0,184.6343939044673
35,2020-02-26,34.209895249822445,-7427.936756529152,8462.511919617995,34.209895249822445,34.209895249822445,241.33066806697488,241.33066806697488,241.33066806697488,241.33066806697488,241.33066806697488,241.33066806697488,0.0,0.0,0.0,275.5405633167973
36,2020-02-27,41.036048301100976,-7785.6847547776515,8831.012645631248,41.036048301100976,41.036048301100976,454.4153408309132,454.4153408309132,454.4153408309132,454.4153408309132,454.4153408309132,454.4153408309132,0.0,0.0,0.0,495.4513891320141
37,2020-02-28,47.862201352379465,-8365.275691312236,7850.804511109619,47.862201352379465,47.862201352379465,-474.23323044330186,-474.23323044330186,-474.23323044330186,-474.23323044330186,-474.23323044330186,-474.23323044330186,0.0,0.0,0.0,-426.3710290909224
38,2020-02-29,54.68835440365792,-7891.779835908776,7603.8458629981715,54.68835440365792,54.68835440365792,-307.94753253506144,-307.94753253506144,-307.94753253506144,-307.94753253506144,-307.94753253506144,-307.94753253506144,0.0,0.0,0.0,-253.25917813140353
39,2020-03-01,66.39608512716214,-7739.4145030586915,7666.285459462557,66.39608512716214,66.39608512716214,-52.66410217440292,-52.66410217440292,-52.66410217440292,-52.66410217440292,-52.66410217440292,-52.66410217440292,0.0,0.0,0.0,13.731982952759218
40,2020-03-02,78.10381585066654,-7543.508383193571,8580.36134463494,78.10381585066654,78.10381585066654,-18.151795448257424,-18.151795448257424,-18.151795448257424,-18.151795448257424,-18.151795448257424,-18.151795448257424,0.0,0.0,0.0,59.95202040240911
41,2020-03-03,89.81154657417076,-8329.932205903571,8220.407061049042,89.81154657417076,89.81154657417076,157.25065170538676,157.25065170538676,157.25065170538676,157.25065170538676,157.25065170538676,157.25065170538676,0.0,0.0,0.0,247.06219827955752
42,2020-03-04,101.5192772976749,-8310.546862017833,8441.051154748078,101.5192772976749,101.5192772976749,241.3306680659684,241.3306680659684,241.3306680659684,241.3306680659684,241.3306680659684,241.3306680659684,0.0,0.0,0.0,342.8499453636433
43,2020-03-05,119.41133624214254,-7292.025637447674,7919.9554308271145,119.41133624214254,119.41133624214254,454.4153408304922,454.4153408304922,454.4153408304922,454.4153408304922,454.4153408304922,454.4153408304922,0.0,0.0,0.0,573.8266770726348
44,2020-03-06,137.30339518661017,-8374.6686457016,7841.98755449897,137.30339518661017,137.30339518661017,-474.23323044410006,-474.23323044410006,-474.23323044410006,-474.23323044410006,-474.23323044410006,-474.23323044410006,0.0,0.0,0.0,-336.9298352574899
45,2020-03-07,155.1954541310778,-7798.3707980674435,8279.648108964882,155.1954541310778,155.1954541310778,-307.9475325360362,-307.9475325360362,-307.9475325360362,-307.9475325360362,-307.9475325360362,-307.9475325360362,0.0,0.0,0.0,-152.75207840495838
46,2020-03-08,173.08751307554544,-7614.073857428493,8072.219843028112,173.08751307554544,173.08751307554544,-52.664102175119694,-52.664102175119694,-52.664102175119694,-52.664102175119694,-52.664102175119694,-52.664102175119694,0.0,0.0,0.0,120.42341090042575
47,2020-03-09,190.9795720200129,-7399.633437470634,8606.271692016533,190.9795720200129,190.9795720200129,-18.1517954481711,-18.1517954481711,-18.1517954481711,-18.1517954481711,-18.1517954481711,-18.1517954481711,0.0,0.0,0.0,172.8277765718418
48,2020-03-10,213.1724450242408,-7875.315607909023,8144.693744077707,213.1724450242408,213.1724450242408,157.25065170577727,157.25065170577727,157.25065170577727,157.25065170577727,157.25065170577727,157.25065170577727,0.0,0.0,0.0,370.4230967300181
49,2020-03-11,235.3653180284685,-7548.4705924107775,8146.982510929645,235.3653180284685,235.3653180284685,241.33066806605487,241.33066806605487,241.33066806605487,241.33066806605487,241.33066806605487,241.33066806605487,0.0,0.0,0.0,476.6959860945234
50,2020-03-12,257.558191032696,-7468.207405785381,8248.809685215103,257.558191032696,257.558191032696,454.4153408301527,454.4153408301527,454.4153408301527,454.4153408301527,454.4153408301527,454.4153408301527,0.0,0.0,0.0,711.9735318628486
51,2020-03-13,279.75106403692376,-8124.818797251011,8372.612628095574,279.75106403692376,279.75106403692376,-474.2332304437677,-474.2332304437677,-474.2332304437677,-474.2332304437677,-474.2332304437677,-474.2332304437677,0.0,0.0,0.0,-194.48216640684393
52,2020-03-14,301.9439370411518,-7707.811543420214,8284.781162433646,301.9439370411518,301.9439370411518,-307.9475325350552,-307.9475325350552,-307.9475325350552,-307.9475325350552,-307.9475325350552,-307.9475325350552,0.0,0.0,0.0,-6.00359549390339
53,2020-03-15,328.0417058811962,-8277.769449602394,8449.28179851254,328.0417058811962,328.0417058811962,-52.6641021746396,-52.6641021746396,-52.6641021746396,-52.6641021746396,-52.6641021746396,-52.6641021746396,0.0,0.0,0.0,275.3776037065566
54,2020-03-16,354.1394747212408,-7359.7074224979115,8283.686458456996,354.1394747212408,354.1394747212408,-18.151795448518115,-18.151795448518115,-18.151795448518115,-18.151795448518115,-18.151795448518115,-18.151795448518115,0.0,0.0,0.0,335.9876792727227
55,2020-03-17,380.2372435612854,-7455.36456822273,8197.756151070367,380.2372435612854,380.2372435612854,157.25065170524067,157.25065170524067,157.25065170524067,157.25065170524067,157.25065170524067,157.25065170524067,0.0,0.0,0.0,537.487895266526
56,2020-03-18,406.33501240133,-7022.278677283044,8754.056735690712,406.33501240133,406.33501240133,241.33066806614136,241.33066806614136,241.33066806614136,241.33066806614136,241.33066806614136,241.33066806614136,0.0,0.0,0.0,647.6656804674714
57,2020-03-19,432.4327812413746,-7101.355707333148,9117.238441078794,432.4327812413746,432.4327812413746,454.4153408298132,454.4153408298132,454.4153408298132,454.4153408298132,454.4153408298132,454.4153408298132,0.0,0.0,0.0,886.8481220711878
58,2020-03-20,469.55379842668685,-8085.607098582926,8052.906912907285,469.55379842668685,469.55379842668685,-474.23323044257455,-474.23323044257455,-474.23323044257455,-474.23323044257455,-474.23323044257455,-474.23323044257455,0.0,0.0,0.0,-4.6794320158876985
59,2020-03-21,506.6748156119991,-7748.758043287411,8575.715430888202,506.6748156119991,506.6748156119991,-307.94753253505206,-307.94753253505206,-307.94753253505206,-307.94753253505206,-307.94753253505206,-307.94753253505206,0.0,0.0,0.0,198.72728307694706
60,2020-03-22,543.7958327973114,-7964.840466328783,8116.014411125836,543.7958327973114,543.7958327973114,-52.664102174159545,-52.664102174159545,-52.664102174159545,-52.664102174159545,-52.664102174159545,-52.664102174159545,0.0,0.0,0.0,491.13173062315184
61,2020-03-23,580.916849982624,-7918.540938468705,7747.164360558992,580.916849982624,580.916849982624,-18.151795447686396,-18.151795447686396,-18.151795447686396,-18.151795447686396,-18.151795447686396,-18.151795447686396,0.0,0.0,0.0,562.7650545349376
62,2020-03-24,626.0382584532595,-6930.233349107136,8485.42937389418,626.0382584532595,626.0382584532595,157.25065170655836,157.25065170655836,157.25065170655836,157.25065170655836,157.25065170655836,157.25065170655836,0.0,0.0,0.0,783.2889101598178
63,2020-03-25,671.159666923895,-7747.842858495289,9044.940656864943,671.159666923895,671.159666923895,241.33066806562692,241.33066806562692,241.33066806562692,241.33066806562692,241.33066806562692,241.33066806562692,0.0,0.0,0.0,912.4903349895219
64,2020-03-26,716.2810753945308,-6722.203088836162,8971.328756496056,716.2810753945308,716.2810753945308,454.41534082939216,454.41534082939216,454.41534082939216,454.41534082939216,454.41534082939216,454.41534082939216,0.0,0.0,0.0,1170.696416223923
65,2020-03-27,761.4024838651663,-7355.623221942325,8283.288622547858,761.4024838651663,761.4024838651663,-474.2332304428074,-474.2332304428074,-474.2332304428074,-474.2332304428074,-474.2332304428074,-474.2332304428074,0.0,0.0,0.0,287.16925342235896
66,2020-03-28,806.5238923358015,-7369.496153605991,9199.258743429527,806.5238923358015,806.5238923358015,-307.947532535049,-307.947532535049,-307.947532535049,-307.947532535049,-307.947532535049,-307.947532535049,0.0,0.0,0.0,498.5763598007525
67,2020-03-29,1094.2660630745424,-6903.863031798304,9100.32422017179,1094.2660630745424,1094.2660630745424,-52.664102173679474,-52.664102173679474,-52.664102173679474,-52.664102173679474,-52.664102173679474,-52.664102173679474,0.0,0.0,0.0,1041.6019609008629
68,2020-03-30,1382.0082338132886,-6440.5279422829035,9344.122982340108,1382.0082338132886,1382.0082338132886,-18.15179544921211,-18.15179544921211,-18.15179544921211,-18.15179544921211,-18.15179544921211,-18.15179544921211,0.0,0.0,0.0,1363.8564383640764
69,2020-03-31,1669.750404552032,-6299.109670732689,9526.414979150692,1669.750404552032,1669.750404552032,157.25065170503325,157.25065170503325,157.25065170503325,157.25065170503325,157.25065170503325,157.25065170503325,0.0,0.0,0.0,1827.0010562570653
70,2020-04-01,1957.492575290773,-5149.6454323821035,10285.391646637841,1957.492575290773,1957.492575290773,241.33066806571335,241.33066806571335,241.33066806571335,241.33066806571335,241.33066806571335,241.33066806571335,0.0,0.0,0.0,2198.8232433564863
71,2020-04-02,2245.2347460295164,-5366.741034298986,11057.741097654869,2245.2347460295164,2245.2347460295164,454.4153408290527,454.4153408290527,454.4153408290527,454.4153408290527,454.4153408290527,454.4153408290527,0.0,0.0,0.0,2699.650086858569
72,2020-04-03,2726.241587408498,-5405.4906660424385,10019.01973783229,2726.241587408498,2726.241587408498,-474.2332304436055,-474.2332304436055,-474.2332304436055,-474.2332304436055,-474.2332304436055,-474.2332304436055,0.0,0.0,0.0,2252.0083569648928
73,2020-04-04,3207.2484287874695,-5043.548210701467,11114.853652346172,3207.2484287874695,3207.2484287874695,-307.947532536289,-307.947532536289,-307.947532536289,-307.947532536289,-307.947532536289,-307.947532536289,0.0,0.0,0.0,2899.3008962511803
74,2020-04-05,3688.255270166446,-4130.484291248296,11460.927469399527,3688.255270166446,3688.255270166446,-52.66410217553968,-52.66410217553968,-52.66410217553968,-52.66410217553968,-52.66410217553968,-52.66410217553968,0.0,0.0,0.0,3635.5911679909063
75,2020-04-06,4169.262111545422,-3590.577707764124,12770.99508578858,4169.262111545422,4169.262111545422,-18.15179544838041,-18.15179544838041,-18.15179544838041,-18.15179544838041,-18.15179544838041,-18.15179544838041,0.0,0.0,0.0,4151.1103160970415
76,2020-04-07,4650.268952924399,-3306.9355823931437,12328.561566036518,4650.268952924399,4650.268952924399,157.25065170542382,157.25065170542382,157.25065170542382,157.25065170542382,157.25065170542382,157.25065170542382,0.0,0.0,0.0,4807.519604629822
77,2020-04-08,5580.319950856808,-1796.8962655495218,14167.726769195746,5580.319950856808,5580.319950856808,241.33066806579976,241.33066806579976,241.33066806579976,241.33066806579976,241.33066806579976,241.33066806579976,0.0,0.0,0.0,5821.6506189226075
78,2020-04-09,6510.3709487892165,-905.5917191480914,14550.8560524963,6510.3709487892165,6510.3709487892165,454.41534082867247,454.41534082867247,454.41534082867247,454.41534082867247,454.41534082867247,454.41534082867247,0.0,0.0,0.0,6964.7862896178885
79,2020-04-10,7440.421946721625,-745.3819733202711,15125.28553189519,7440.421946721625,7440.421946721625,-474.23323044327327,-474.23323044327327,-474.23323044327327,-474.23323044327327,-474.23323044327327,-474.23323044327327,0.0,0.0,0.0,6966.188716278352
80,2020-04-11,8370.472944654044,502.04827668886026,16154.414348774597,8370.472944654044,8370.472944654044,-307.9475325353079,-307.9475325353079,-307.9475325353079,-307.9475325353079,-307.9475325353079,-307.9475325353079,0.0,0.0,0.0,8062.525412118736
81,2020-04-12,9437.537960253852,1908.8403152361961,17090.794845001183,9437.537960253852,9437.537960253852,-52.664102173862766,-52.664102173862766,-52.664102173862766,-52.664102173862766,-52.664102173862766,-52.664102173862766,0.0,0.0,0.0,9384.873858079989
82,2020-04-13,10504.602975853682,3178.0219703992784,17894.816192166352,10504.602975853682,10504.602975853682,-18.151795447548686,-18.151795447548686,-18.151795447548686,-18.151795447548686,-18.151795447548686,-18.151795447548686,0.0,0.0,0.0,10486.451180406133
83,2020-04-14,11571.6679914535,4320.959683285996,19897.34437030204,11571.6679914535,11571.6679914535,157.25065170581436,157.25065170581436,157.25065170581436,157.25065170581436,157.25065170581436,157.25065170581436,0.0,0.0,0.0,11728.918643159313
84,2020-04-15,12638.733007053308,4679.647275313682,21571.072608311966,12638.733007053308,12638.733007053308,241.33066806588621,241.33066806588621,241.33066806588621,241.33066806588621,241.33066806588621,241.33066806588621,0.0,0.0,0.0,12880.063675119194
85,2020-04-16,13705.798022653149,6426.231094550331,21836.02765094588,13705.798022653149,13705.798022653149,454.4153408303353,454.4153408303353,454.4153408303353,454.4153408303353,454.4153408303353,454.4153408303353,0.0,0.0,0.0,14160.213363483484
86,2020-04-17,14888.282822519126,6231.099023958995,22538.823547207827,14888.282822519126,14888.282822519126,-474.23323044407135,-474.23323044407135,-474.23323044407135,-474.23323044407135,-474.23323044407135,-474.23323044407135,0.0,0.0,0.0,14414.049592075055
87,2020-04-18,16070.767622385147,8423.98913539328,23522.94264539593,16070.767622385147,16070.767622385147,-307.94753253628284,-307.94753253628284,-307.94753253628284,-307.94753253628284,-307.94753253628284,-307.94753253628284,0.0,0.0,0.0,15762.820089848863
88,2020-04-19,17253.252422251146,9085.069201532127,25909.16667288362,17253.252422251146,17253.252422251146,-52.66410217457953,-52.66410217457953,-52.66410217457953,-52.66410217457953,-52.66410217457953,-52.66410217457953,0.0,0.0,0.0,17200.588320076567
89,2020-04-20,18435.737222117146,10876.103404171423,26471.428623820328,18435.737222117146,18435.737222117146,-18.151795447895697,-18.151795447895697,-18.151795447895697,-18.151795447895697,-18.151795447895697,-18.151795447895697,0.0,0.0,0.0,18417.58542666925
90,2020-04-21,19618.222021983158,11728.922131115913,27142.589563429818,19618.222021983158,19618.222021983158,157.25065170521634,157.25065170521634,157.25065170521634,157.25065170521634,157.25065170521634,157.25065170521634,0.0,0.0,0.0,19775.472673688375
91,2020-04-22,21052.244224423204,12901.6659321318,29087.986176904087,21052.244224423208,21052.244224423208,241.33066806646457,241.33066806646457,241.33066806646457,241.33066806646457,241.33066806646457,241.33066806646457,0.0,0.0,0.0,21293.57489248967
92,2020-04-23,22486.26642686325,15035.607045330707,30869.70490755437,22486.26642686325,22486.26642686325,454.4153408299551,454.4153408299551,454.4153408299551,454.4153408299551,454.4153408299551,454.4153408299551,0.0,0.0,0.0,22940.681767693204
93,2020-04-24,23920.2886293033,16181.632269933834,31220.01161607338,23920.2886293033,23920.2886293033,-474.2332304448696,-474.2332304448696,-474.2332304448696,-474.2332304448696,-474.2332304448696,-474.2332304448696,0.0,0.0,0.0,23446.055398858432
94,2020-04-25,25354.310831743325,16990.155194254738,32980.815952787634,25354.310831743325,25354.310831743325,-307.9475325353018,-307.9475325353018,-307.9475325353018,-307.9475325353018,-307.9475325353018,-307.9475325353018,0.0,0.0,0.0,25046.363299208024
95,2020-04-26,27439.95349595025,19562.713088730783,35436.21118515394,27439.95349595025,27439.95349595025,-52.664102174099476,-52.664102174099476,-52.664102174099476,-52.664102174099476,-52.664102174099476,-52.664102174099476,0.0,0.0,0.0,27387.28939377615
96,2020-04-27,29525.59616015713,21763.49541285858,37610.4149602886,29525.59616015713,29525.59616015713,-18.15179544780935,-18.15179544780935,-18.15179544780935,-18.15179544780935,-18.15179544780935,-18.15179544780935,0.0,0.0,0.0,29507.44436470932
97,2020-04-28,31611.238824363965,23823.85139467048,39907.58565315279,31611.238824363965,31611.238824363965,157.2506517046798,157.2506517046798,157.2506517046798,157.2506517046798,157.2506517046798,157.2506517046798,0.0,0.0,0.0,31768.489476068644
98,2020-04-29,33696.881488570885,26196.355134855847,41332.38660638142,33696.881488570885,33696.881488570885,241.33066806605908,241.33066806605908,241.33066806605908,241.33066806605908,241.33066806605908,241.33066806605908,0.0,0.0,0.0,33938.212156636946
99,2020-04-30,35782.52415277777,28368.310316969804,44036.590622747644,35782.52415277777,35782.52415277777,454.41534082961556,454.41534082961556,454.41534082961556,454.41534082961556,454.41534082961556,454.41534082961556,0.0,0.0,0.0,36236.93949360739
100,2020-05-01,38800.25468288872,30477.6131588152,46135.11056897438,38800.25468288872,38800.25468288872,-474.23323044254573,-474.23323044254573,-474.23323044254573,-474.23323044254573,-474.23323044254573,-474.23323044254573,0.0,0.0,0.0,38326.02145244618
101,2020-05-02,41817.98521299972,32998.690675967795,49061.7673369599,41817.98521299972,41817.98521299972,-307.94753253654176,-307.94753253654176,-307.94753253654176,-307.94753253654176,-307.94753253654176,-307.94753253654176,0.0,0.0,0.0,41510.03768046318
102,2020-05-03,44835.715743110675,36578.290457110816,52931.84338951278,44835.715743110675,44835.715743110675,-52.664102173619455,-52.664102173619455,-52.664102173619455,-52.664102173619455,-52.664102173619455,-52.664102173619455,0.0,0.0,0.0,44783.051640937054
103,2020-05-04,47853.44627322167,40000.32285104898,56234.24164487631,47853.44627322167,47853.44627322167,-18.151795448156374,-18.151795448156374,-18.151795448156374,-18.151795448156374,-18.151795448156374,-18.151795448156374,0.0,0.0,0.0,47835.29447777352
104,2020-05-05,50871.176803332666,43051.79349829313,58830.597952329714,50871.176803332666,50871.176803332666,157.25065170599743,157.25065170599743,157.25065170599743,157.25065170599743,157.25065170599743,157.25065170599743,0.0,0.0,0.0,51028.42745503866
105,2020-05-06,53933.779094829806,47028.95883406824,62800.04194619709,53933.779094829806,53933.779094829806,241.33066806663751,241.33066806663751,241.33066806663751,241.33066806663751,241.33066806663751,241.33066806663751,0.0,0.0,0.0,54175.10976289644
106,2020-05-07,56996.38138632699,49762.44631367821,65257.48570538736,56996.38138632699,56996.38138632699,454.41534082923533,454.41534082923533,454.41534082923533,454.41534082923533,454.41534082923533,454.41534082923533,0.0,0.0,0.0,57450.79672715622
107,2020-05-08,60058.98367782417,51466.33729115198,67131.40946598169,60058.98367782417,60058.98367782417,-474.233230443344,-474.233230443344,-474.233230443344,-474.233230443344,-474.233230443344,-474.233230443344,0.0,0.0,0.0,59584.75044738083
108,2020-05-09,63121.58596932131,54838.96802419305,70741.3587886754,63121.58596932131,63121.58596932131,-307.94753253556075,-307.94753253556075,-307.94753253556075,-307.94753253556075,-307.94753253556075,-307.94753253556075,0.0,0.0,0.0,62813.63843678575
109,2020-05-10,66184.18826081854,58316.64398591524,74146.58938855745,66184.18826081854,66184.18826081854,-52.66410217313936,-52.66410217313936,-52.66410217313936,-52.66410217313936,-52.66410217313936,-52.66410217313936,0.0,0.0,0.0,66131.5241586454
110,2020-05-11,69246.79078487337,61380.32632135594,77100.60911643943,69246.79078487337,69246.79078487337,-18.15179544732467,-18.15179544732467,-18.15179544732467,-18.15179544732467,-18.15179544732467,-18.15179544732467,0.0,0.0,0.0,69228.63898942605
111,2020-05-12,72309.39330892827,64652.278832767144,80099.03321423782,72309.39330892827,72309.39330892827,157.25065170546088,157.25065170546088,157.25065170546088,157.25065170546088,157.25065170546088,157.25065170546088,0.0,0.0,0.0,72466.64396063372
112,2020-05-13,75371.99583298319,67571.23048254728,83801.03366329953,75371.99583298319,75371.99583298319,241.33066806563104,241.33066806563104,241.33066806563104,241.33066806563104,241.33066806563104,241.33066806563104,0.0,0.0,0.0,75613.32650104881
113,2020-05-14,78434.59835703808,70435.19078412624,87236.2820686601,78434.59835703808,78434.59835703808,454.4153408288551,454.4153408288551,454.4153408288551,454.4153408288551,454.4153408288551,454.4153408288551,0.0,0.0,0.0,78889.01369786693
114,2020-05-15,81497.20101833633,73451.41322184246,89173.68011823617,81497.20101833633,81497.20101833633,-474.23323044357693,-474.23323044357693,-474.23323044357693,-474.23323044357693,-474.23323044357693,-474.23323044357693,0.0,0.0,0.0,81022.96778789275
115,2020-05-16,84559.80367963458,76089.65972406032,92321.180632034,84559.80367963458,84559.80367963458,-307.94753253653556,-307.94753253653556,-307.94753253653556,-307.94753253653556,-307.94753253653556,-307.94753253653556,0.0,0.0,0.0,84251.85614709805
116,2020-05-17,87622.40634093284,79914.23668806555,96341.41782654887,87622.40634093284,87622.40634093284,-52.66410217385616,-52.66410217385616,-52.66410217385616,-52.66410217385616,-52.66410217385616,-52.66410217385616,0.0,0.0,0.0,87569.74223875898
117,2020-05-18,90685.00900223109,83336.10502476682,97919.84327085158,90685.00900223109,90685.00900223109,-18.151795448417044,-18.151795448417044,-18.151795448417044,-18.151795448417044,-18.151795448417044,-18.151795448417044,0.0,0.0,0.0,90666.85720678268
118,2020-05-19,93747.61166352934,85422.52638321313,101954.53168213589,93747.61166352934,93747.61166352934,157.25065170492428,157.25065170492428,157.25065170492428,157.25065170492428,157.25065170492428,157.25065170492428,0.0,0.0,0.0,93904.86231523426
119,2020-05-20,102653.05651365774,94501.1400069352,110645.32874609415,102653.05651365774,102653.05651365774,241.3306680657176,241.3306680657176,241.3306680657176,241.3306680657176,241.3306680657176,241.3306680657176,0.0,0.0,0.0,102894.38718172345
120,2020-05-21,111558.50136378597,104829.26471953241,119925.5206132621,111558.50136378597,111558.50136378597,454.4153408284749,454.4153408284749,454.4153408284749,454.4153408284749,454.4153408284749,454.4153408284749,0.0,0.0,0.0,112012.91670461444
121,2020-05-22,120463.94621391402,112062.1491273693,127875.04189128811,120463.94621391402,120463.94621391402,-474.23323044380976,-474.23323044380976,-474.23323044380976,-474.23323044380976,-474.23323044380976,-474.23323044380976,0.0,0.0,0.0,119989.7129834702
122,2020-05-23,129369.39106404224,121237.83778914419,136694.03456378973,129369.39106404224,129369.39106404224,-307.94753253555456,-307.94753253555456,-307.94753253555456,-307.94753253555456,-307.94753253555456,-307.94753253555456,0.0,0.0,0.0,129061.44353150668
123,2020-05-24,138274.83591417028,130652.17864810248,146117.87122082722,138274.8359141703,138274.8359141703,-52.66410217451953,-52.66410217451953,-52.66410217451953,-52.66410217451953,-52.66410217451953,-52.66410217451953,0.0,0.0,0.0,138222.17181199577
124,2020-05-25,147180.2807642985,139012.87124061454,154250.1012773619,147180.2807642985,147180.2807642985,-18.15179544758533,-18.15179544758533,-18.15179544758533,-18.15179544758533,-18.15179544758533,-18.15179544758533,0.0,0.0,0.0,147162.12896885094
125,2020-05-26,156085.72561442692,148515.96852054814,163844.7646028436,156085.72561442692,156085.72561442692,157.25065170531482,157.25065170531482,157.25065170531482,157.25065170531482,157.25065170531482,157.25065170531482,0.0,0.0,0.0,156242.97626613223
126,2020-05-27,164991.17046455498,157290.8027087001,173455.30756699876,164991.17046455498,164991.17046455498,241.330668065804,241.330668065804,241.330668065804,241.330668065804,241.330668065804,241.330668065804,0.0,0.0,0.0,165232.5011326208
127,2020-05-28,173896.61531468318,165913.34946952137,183536.47519855903,173896.61531468318,173896.61531468318,454.41534083017837,454.41534083017837,454.41534083017837,454.41534083017837,454.41534083017837,454.41534083017837,0.0,0.0,0.0,174351.03065551334
128,2020-05-29,182802.0601648114,174854.87246549557,189649.938136923,182802.0601648114,182802.0601648114,-474.2332304420512,-474.2332304420512,-474.2332304420512,-474.2332304420512,-474.2332304420512,-474.2332304420512,0.0,0.0,0.0,182327.82693436937
129,2020-05-30,191707.50501493947,183464.03471191076,199531.97958191368,191707.50501493947,191707.50501493947,-307.94753253457355,-307.94753253457355,-307.94753253457355,-307.94753253457355,-307.94753253457355,-307.94753253457355,0.0,0.0,0.0,191399.5574824049
130,2020-05-31,200612.94986506787,192449.2862465733,208648.2268465817,200612.94986506787,200612.94986506787,-52.66410217403944,-52.66410217403944,-52.66410217403944,-52.66410217403944,-52.66410217403944,-52.66410217403944,0.0,0.0,0.0,200560.28576289382
131,2020-06-01,209518.39471519593,201391.73854933842,218135.11053252104,209518.39471519593,209518.39471519593,-18.151795447932333,-18.151795447932333,-18.151795447932333,-18.151795447932333,-18.151795447932333,-18.151795447932333,0.0,0.0,0.0,209500.242919748
132,2020-06-02,218423.83956532413,209802.56955940224,226314.04647575354,218423.83956532413,218423.83956532413,157.25065170570537,157.25065170570537,157.25065170570537,157.25065170570537,157.25065170570537,157.25065170570537,0.0,0.0,0.0,218581.09021702985
133,2020-06-03,227329.28441545236,219582.42586123725,235531.37730884302,227329.28441545236,227329.28441545236,241.33066806638237,241.33066806638237,241.33066806638237,241.33066806638237,241.33066806638237,241.33066806638237,0.0,0.0,0.0,227570.61508351876
134,2020-06-04,236234.72926558042,228898.85219094472,244324.78738607105,236234.72926558042,236234.72926558042,454.4153408297574,454.4153408297574,454.4153408297574,454.4153408297574,454.4153408297574,454.4153408297574,0.0,0.0,0.0,236689.14460641018
135,2020-06-05,245140.17411570883,236940.89780350935,252790.1868383337,245140.1741157088,245140.1741157088,-474.23323044284945,-474.23323044284945,-474.23323044284945,-474.23323044284945,-474.23323044284945,-474.23323044284945,0.0,0.0,0.0,244665.94088526597
136,2020-06-06,254045.61896583703,245862.32248226716,261847.60102557926,254045.61896583703,254045.61896583703,-307.94753253554836,-307.94753253554836,-307.94753253554836,-307.94753253554836,-307.94753253554836,-307.94753253554836,0.0,0.0,0.0,253737.67143330147
137,2020-06-07,262951.0638159651,255043.16580464417,271474.44035111985,262951.0638159651,262951.0638159651,-52.664102173559385,-52.664102173559385,-52.664102173559385,-52.664102173559385,-52.664102173559385,-52.664102173559385,0.0,0.0,0.0,262898.3997137915
138,2020-06-08,271856.50866609334,264131.53790140303,279582.6770328986,271856.50866609334,271856.50866609334,-18.151795448279355,-18.151795448279355,-18.151795448279355,-18.151795448279355,-18.151795448279355,-18.151795448279355,0.0,0.0,0.0,271838.3568706451
139,2020-06-09,280761.9535162214,273136.4476855257,288771.43026176916,280761.9535162214,280761.9535162214,157.25065170510737,157.25065170510737,157.25065170510737,157.25065170510737,157.25065170510737,157.25065170510737,0.0,0.0,0.0,280919.20416792645
140,2020-06-10,289667.3983663496,281570.89380189223,298181.07298926276,289667.3983663496,289667.3983663496,241.3306680659769,241.3306680659769,241.3306680659769,241.3306680659769,241.3306680659769,241.3306680659769,0.0,0.0,0.0,289908.72903441556
141,2020-06-11,298572.843216478,290627.11155371135,307022.5268114029,298572.843216478,298572.843216478,454.4153408294179,454.4153408294179,454.4153408294179,454.4153408294179,454.4153408294179,454.4153408294179,0.0,0.0,0.0,299027.2585573074
142,2020-06-12,307478.28806660604,299098.14678698377,314868.2673601576,307478.28806660604,307478.28806660604,-474.23323044308233,-474.23323044308233,-474.23323044308233,-474.23323044308233,-474.23323044308233,-474.23323044308233,0.0,0.0,0.0,307004.05483616295
143,2020-06-13,316383.7329167343,308164.3835372543,323835.82366989955,316383.7329167343,316383.7329167343,-307.9475325345673,-307.9475325345673,-307.9475325345673,-307.9475325345673,-307.9475325345673,-307.9475325345673,0.0,0.0,0.0,316075.78538419976
144,2020-06-14,325289.1777668625,317169.58446561487,332964.34582540795,325289.1777668625,325289.1777668625,-52.664102175419565,-52.664102175419565,-52.664102175419565,-52.664102175419565,-52.664102175419565,-52.664102175419565,0.0,0.0,0.0,325236.51366468705
145,2020-06-15,334194.6226169905,326739.83420704096,342226.1729617133,334194.6226169905,334194.6226169905,-18.15179544862635,-18.15179544862635,-18.15179544862635,-18.15179544862635,-18.15179544862635,-18.15179544862635,0.0,0.0,0.0,334176.4708215419
146,2020-06-16,343100.06746711896,335803.6293691603,351093.4921111774,343100.06746711896,343100.06746711896,157.2506517045708,157.2506517045708,157.2506517045708,157.2506517045708,157.2506517045708,157.2506517045708,0.0,0.0,0.0,343257.3181188235
147,2020-06-17,352005.512317247,344751.5801936715,359866.47444258793,352005.512317247,352005.512317247,241.33066806655523,241.33066806655523,241.33066806655523,241.33066806655523,241.33066806655523,241.33066806655523,0.0,0.0,0.0,352246.84298531356
148,2020-06-18,360910.95716737525,353632.9058613943,369238.7379068591,360910.95716737525,360910.95716737525,454.4153408290377,454.4153408290377,454.4153408290377,454.4153408290377,454.4153408290377,454.4153408290377,0.0,0.0,0.0,361365.3725082043
149,2020-06-19,369816.40201750345,360367.582250259,377036.1294872828,369563.87335515185,370040.86665730545,-474.2332304433153,-474.2332304433153,-474.2332304433153,-474.2332304433153,-474.2332304433153,-474.2332304433153,0.0,0.0,0.0,369342.16878706013
150,2020-06-20,378721.84686763166,370963.4839102741,387281.1831467788,377932.5683380483,379501.51259641384,-307.94753253580734,-307.94753253580734,-307.94753253580734,-307.94753253580734,-307.94753253580734,-307.94753253580734,0.0,0.0,0.0,378413.89933509583
151,2020-06-21,387627.29171775974,379541.91235062387,395784.92411856935,386009.3983449417,389002.6454187375,-52.66410217374269,-52.66410217374269,-52.66410217374269,-52.66410217374269,-52.66410217374269,-52.66410217374269,0.0,0.0,0.0,387574.627615586
152,2020-06-22,396532.73656788794,388824.602583144,404860.0129467615,394076.5263247564,398782.7224465669,-18.15179544779463,-18.15179544779463,-18.15179544779463,-18.15179544779463,-18.15179544779463,-18.15179544779463,0.0,0.0,0.0,396514.58477244014
153,2020-06-23,405438.1814180162,397659.5761505518,414550.9729438041,402215.0097163309,408781.06452438666,157.25065170588843,157.25065170588843,157.25065170588843,157.25065170588843,157.25065170588843,157.25065170588843,0.0,0.0,0.0,405595.4320697221
154,2020-06-24,414343.6262681444,406014.17919365,423994.5950861902,410224.3296764435,418748.2865904101,241.3306680671336,241.3306680671336,241.3306680671336,241.3306680671336,241.3306680671336,241.3306680671336,0.0,0.0,0.0,414584.95693621156
155,2020-06-25,423249.0711182726,413926.5462665118,433271.66567027173,418130.0579329611,428576.8489539704,454.41534083070053,454.41534083070053,454.41534083070053,454.41534083070053,454.41534083070053,454.41534083070053,0.0,0.0,0.0,423703.4864591033
156,2020-06-26,432154.5159684007,421887.39192683686,440957.1476040695,425820.0197943649,438407.7611099402,-474.2332304435482,-474.2332304435482,-474.2332304435482,-474.2332304435482,-474.2332304435482,-474.2332304435482,0.0,0.0,0.0,431680.28273795714
157,2020-06-27,441059.9608185289,430365.5705152509,451260.36293637136,433507.2782229947,448441.3555934056,-307.94753253580427,-307.94753253580427,-307.94753253580427,-307.94753253580427,-307.94753253580427,-307.94753253580427,0.0,0.0,0.0,440752.0132859931
158,2020-06-28,449965.40566865716,439231.4737270075,460416.42607263086,441401.1175213419,458454.9868149432,-52.66410217445943,-52.66410217445943,-52.66410217445943,-52.66410217445943,-52.66410217445943,-52.66410217445943,0.0,0.0,0.0,449912.7415664827
159,2020-06-29,458870.85051878536,446984.25004192634,471182.7904075078,448956.3370696068,468739.8827290851,-18.151795448141637,-18.151795448141637,-18.151795448141637,-18.151795448141637,-18.151795448141637,-18.151795448141637,0.0,0.0,0.0,458852.6987233372
160,2020-06-30,467776.29536891356,454689.37390345614,480815.91407186235,456626.7998550839,479028.16934796085,157.25065170535188,157.25065170535188,157.25065170535188,157.25065170535188,157.25065170535188,157.25065170535188,0.0,0.0,0.0,467933.54602061893
161,2020-07-01,476681.7402190418,462844.35231080174,490392.0613667794,464142.1878845633,489321.14838161407,241.33066806612723,241.33066806612723,241.33066806612723,241.33066806612723,241.33066806612723,241.33066806612723,0.0,0.0,0.0,476923.0708871079
162,2020-07-02,485587.18506916985,470212.20929971815,501805.7522202167,471509.0884486617,499565.7337382014,454.41534083032025,454.41534083032025,454.41534083032025,454.41534083032025,454.41534083032025,454.41534083032025,0.0,0.0,0.0,486041.6004100002
163,2020-07-03,494492.62991929805,477319.3928850428,511959.6980130089,479156.82846001425,509671.88095787505,-474.23323044434636,-474.23323044434636,-474.23323044434636,-474.23323044434636,-474.23323044434636,-474.23323044434636,0.0,0.0,0.0,494018.3966888537
164,2020-07-04,503398.0747694263,485099.8638175276,520395.8359978907,486369.4565533589,520256.79010780196,-307.94753253580114,-307.94753253580114,-307.94753253580114,-307.94753253580114,-307.94753253580114,-307.94753253580114,0.0,0.0,0.0,503090.1272368905
165,2020-07-05,512303.5196195545,492200.72095853346,531085.3915979934,493884.61807549646,530639.4626452652,-52.664102175176204,-52.664102175176204,-52.664102175176204,-52.664102175176204,-52.664102175176204,-52.664102175176204,0.0,0.0,0.0,512250.85551737936
166,2020-07-06,521208.9644696828,499373.05717819085,541970.1282577576,501310.219083074,540923.5550094167,-18.151795448055317,-18.151795448055317,-18.151795448055317,-18.151795448055317,-18.151795448055317,-18.151795448055317,0.0,0.0,0.0,521190.81267423474
167,2020-07-07,530114.4093198108,507411.86972872686,552485.6923178125,508169.44853767875,551078.3369272412,157.25065170574237,157.25065170574237,157.25065170574237,157.25065170574237,157.25065170574237,157.25065170574237,0.0,0.0,0.0,530271.6599715166
168,2020-07-08,539019.8541699391,516127.8738033186,562332.2193373584,514974.01924079645,561566.3788129776,241.33066806621363,241.33066806621363,241.33066806621363,241.33066806621363,241.33066806621363,241.33066806621363,0.0,0.0,0.0,539261.1848380052
169,2020-07-09,547925.2990200672,523578.9540488678,574223.0844107706,522332.1675930903,572695.244176644,454.4153408299808,454.4153408299808,454.4153408299808,454.4153408299808,454.4153408299808,454.4153408299808,0.0,0.0,0.0,548379.7143608972
170,2020-07-10,556830.7438701955,527107.2706504463,584950.4464649484,529992.1637793579,583824.1095403105,-474.233230444014,-474.233230444014,-474.233230444014,-474.233230444014,-474.233230444014,-474.233230444014,0.0,0.0,0.0,556356.5106397514
171,2020-07-11,565736.1887203237,537366.1285891964,593104.5733049174,536984.2803947533,594211.6595986027,-307.9475325348201,-307.9475325348201,-307.9475325348201,-307.9475325348201,-307.9475325348201,-307.9475325348201,0.0,0.0,0.0,565428.2411877889
172,2020-07-12,574641.6335704516,543453.8387661802,603189.1908717832,544210.299832329,604709.471444108,-52.66410217349931,-52.66410217349931,-52.66410217349931,-52.66410217349931,-52.66410217349931,-52.66410217349931,0.0,0.0,0.0,574588.9694682781
173,2020-07-13,583547.0784205798,551647.6599174313,614365.0398301478,552644.8093537102,615549.0559865353,-18.15179544840231,-18.15179544840231,-18.15179544840231,-18.15179544840231,-18.15179544840231,-18.15179544840231,0.0,0.0,0.0,583528.9266251314
174,2020-07-14,592452.523270708,559174.2687321724,625891.9297918419,560349.3160348015,626503.701110275,157.25065170613294,157.25065170613294,157.25065170613294,157.25065170613294,157.25065170613294,157.25065170613294,0.0,0.0,0.0,592609.7739224142
175,2020-07-15,601357.9681208367,568121.7799002667,636864.6134171984,567847.2929350347,636907.1455238065,241.3306680663002,241.3306680663002,241.3306680663002,241.3306680663002,241.3306680663002,241.3306680663002,0.0,0.0,0.0,601599.2987889029
176,2020-07-16,610263.4129709648,574509.6028373144,648889.6084621671,575509.590607264,647628.6319844032,454.4153408296412,454.4153408296412,454.4153408296412,454.4153408296412,454.4153408296412,454.4153408296412,0.0,0.0,0.0,610717.8283117944
177,2020-07-17,619168.857821093,582173.3139944818,657447.9024436853,583086.9533463153,658560.3289441743,-474.23323044282085,-474.23323044282085,-474.23323044282085,-474.23323044282085,-474.23323044282085,-474.23323044282085,0.0,0.0,0.0,618694.6245906502
178,2020-07-18,628074.302671221,589009.2324504962,667749.7155133514,589218.3398070282,669225.9667810174,-307.9475325360601,-307.9475325360601,-307.9475325360601,-307.9475325360601,-307.9475325360601,-307.9475325360601,0.0,0.0,0.0,627766.3551386849
